id,img_path,pred0,pred1,pred2
TEST_000,../../data/test/000.png,0.047035426,0.9528408,0.00012376801
TEST_001,../../data/test/001.png,4.7353092e-07,0.9999993,2.5736847e-07
TEST_002,../../data/test/002.png,6.3491775e-08,0.9999998,1.0888922e-07
TEST_003,../../data/test/003.png,0.52835613,0.46371654,0.007927318
TEST_004,../../data/test/004.png,9.363939e-07,0.999999,8.6127194e-08
TEST_005,../../data/test/005.png,0.014190994,0.97290826,0.012900756
TEST_006,../../data/test/006.png,4.427568e-06,0.99999523,2.9772085e-07
TEST_007,../../data/test/007.png,0.00014054675,0.9997356,0.00012384761
TEST_008,../../data/test/008.png,0.0003318549,0.99965006,1.8041746e-05
TEST_009,../../data/test/009.png,2.1753649e-05,0.0045518256,0.9954264
TEST_010,../../data/test/010.png,0.95533496,0.044650953,1.4035545e-05
TEST_011,../../data/test/011.png,1.4670732e-05,0.0014391933,0.9985461
TEST_012,../../data/test/012.png,0.010035696,0.9898696,9.47227e-05
TEST_013,../../data/test/013.png,7.7618614e-07,0.99999905,1.2417665e-07
TEST_014,../../data/test/014.png,0.00012334272,0.99985856,1.8130952e-05
TEST_015,../../data/test/015.png,1.364597e-05,0.9999849,1.4451316e-06
TEST_016,../../data/test/016.png,2.2691864e-05,0.4014311,0.5985462
TEST_017,../../data/test/017.png,0.0041340287,0.9957542,0.00011178438
TEST_018,../../data/test/018.png,7.860896e-06,0.9999878,4.3790433e-06
TEST_019,../../data/test/019.png,7.7740486e-07,0.99999887,3.1530945e-07
TEST_020,../../data/test/020.png,0.99891025,0.0010709678,1.8759154e-05
TEST_021,../../data/test/021.png,0.0003016735,0.9996577,4.059808e-05
TEST_022,../../data/test/022.png,5.9022173e-06,0.9997825,0.00021161085
TEST_023,../../data/test/023.png,5.971942e-07,0.999999,4.7033294e-07
TEST_024,../../data/test/024.png,0.9998155,0.00016272317,2.1776674e-05
TEST_025,../../data/test/025.png,1.012363e-06,0.99999875,2.31855e-07
TEST_026,../../data/test/026.png,0.00022338884,0.99921626,0.0005603665
TEST_027,../../data/test/027.png,7.3556134e-07,0.9999986,6.1597825e-07
TEST_028,../../data/test/028.png,0.0009948547,0.99895835,4.6758632e-05
TEST_029,../../data/test/029.png,0.000512614,0.9990423,0.00044508794
TEST_030,../../data/test/030.png,0.0034442025,0.996531,2.4744288e-05
TEST_031,../../data/test/031.png,2.40523e-07,0.9999997,1.1982381e-07
TEST_032,../../data/test/032.png,3.050358e-07,0.9999996,6.484924e-08
TEST_033,../../data/test/033.png,1.2705308e-06,0.9999984,3.127866e-07
TEST_034,../../data/test/034.png,7.8030797e-07,0.99986297,0.00013619318
TEST_035,../../data/test/035.png,1.1578633e-07,0.9999997,1.6560278e-07
TEST_036,../../data/test/036.png,0.0004991495,0.99939495,0.0001058656
TEST_037,../../data/test/037.png,2.8075174e-06,0.9999967,4.732345e-07
TEST_038,../../data/test/038.png,0.0014814996,0.056288537,0.94223
TEST_039,../../data/test/039.png,2.9143694e-06,0.9999569,4.0126717e-05
TEST_040,../../data/test/040.png,5.096014e-06,0.9999946,2.7573802e-07
TEST_041,../../data/test/041.png,0.01573679,0.98422843,3.4718552e-05
TEST_042,../../data/test/042.png,5.1685172e-05,0.99606496,0.003883361
TEST_043,../../data/test/043.png,0.016830819,0.98312706,4.211673e-05
TEST_044,../../data/test/044.png,4.823439e-05,0.99994427,7.4706054e-06
TEST_045,../../data/test/045.png,6.7962933e-06,0.9999878,5.3930166e-06
TEST_046,../../data/test/046.png,0.22947007,0.77032065,0.00020928677
TEST_047,../../data/test/047.png,0.059583824,0.9403605,5.5706518e-05
TEST_048,../../data/test/048.png,1.1080218e-05,0.9999874,1.4497283e-06
TEST_049,../../data/test/049.png,6.8756344e-07,0.9999991,2.2266663e-07
TEST_050,../../data/test/050.png,0.21785241,0.7820082,0.00013944787
TEST_051,../../data/test/051.png,2.7172311e-05,0.99997205,8.2587536e-07
TEST_052,../../data/test/052.png,0.00018079033,0.99981356,5.6900935e-06
TEST_053,../../data/test/053.png,9.80274e-07,0.9999955,3.4611714e-06
TEST_054,../../data/test/054.png,2.1012629e-07,0.9999995,2.2367999e-07
TEST_055,../../data/test/055.png,1.7454984e-07,0.99999976,5.1402907e-08
TEST_056,../../data/test/056.png,3.8501727e-05,0.9997104,0.0002510939
TEST_057,../../data/test/057.png,1.487449e-06,0.9999695,2.9064497e-05
TEST_058,../../data/test/058.png,5.014661e-07,0.99999934,8.24102e-08
TEST_059,../../data/test/059.png,4.931426e-06,0.99999386,1.1772185e-06
TEST_060,../../data/test/060.png,5.5447494e-05,0.00076794735,0.9991765
TEST_061,../../data/test/061.png,0.99928,0.0007020249,1.805807e-05
TEST_062,../../data/test/062.png,4.873659e-07,0.99992466,7.486597e-05
TEST_063,../../data/test/063.png,1.7918172e-06,0.99999803,1.8055066e-07
TEST_064,../../data/test/064.png,1.4070644e-06,0.9999981,4.902492e-07
TEST_065,../../data/test/065.png,0.0063798106,0.99357826,4.187408e-05
TEST_066,../../data/test/066.png,1.252405e-06,0.9999984,3.9681504e-07
TEST_067,../../data/test/067.png,0.0015662285,0.99843043,3.3600866e-06
TEST_068,../../data/test/068.png,7.4934115e-07,0.9999991,1.3484781e-07
TEST_069,../../data/test/069.png,4.2609663e-06,0.9999941,1.5705881e-06
TEST_070,../../data/test/070.png,1.6079196e-07,0.9999997,1.80089e-07
TEST_071,../../data/test/071.png,3.785674e-05,0.99995995,2.2099318e-06
TEST_072,../../data/test/072.png,8.741316e-05,0.9999094,3.140045e-06
TEST_073,../../data/test/073.png,0.4630811,0.53682154,9.740519e-05
TEST_074,../../data/test/074.png,7.2148934e-05,0.99613875,0.0037891224
TEST_075,../../data/test/075.png,1.997558e-06,0.99999744,5.07846e-07
TEST_076,../../data/test/076.png,4.0304362e-06,0.99998283,1.30852395e-05
TEST_077,../../data/test/077.png,9.26069e-05,0.99990225,5.118716e-06
TEST_078,../../data/test/078.png,0.14255503,0.8573795,6.550959e-05
TEST_079,../../data/test/079.png,9.8107075e-06,0.99995875,3.144786e-05
TEST_080,../../data/test/080.png,0.15241696,0.84744567,0.00013745099
TEST_081,../../data/test/081.png,5.5921845e-07,0.9999919,7.5163075e-06
TEST_082,../../data/test/082.png,0.025197336,0.97467214,0.00013055898
TEST_083,../../data/test/083.png,0.0020053866,0.24912827,0.7488663
TEST_084,../../data/test/084.png,0.662471,0.33643618,0.001092798
TEST_085,../../data/test/085.png,4.971373e-07,0.99999547,4.0116065e-06
TEST_086,../../data/test/086.png,0.2582169,0.7413464,0.00043669937
TEST_087,../../data/test/087.png,2.3594323e-06,0.9999957,1.9971062e-06
TEST_088,../../data/test/088.png,4.0826697e-05,0.9999574,1.7797371e-06
TEST_089,../../data/test/089.png,0.105489105,0.8944419,6.895026e-05
TEST_090,../../data/test/090.png,2.522105e-07,0.9999997,7.247372e-08
TEST_091,../../data/test/091.png,4.684246e-06,0.99999505,2.410562e-07
TEST_092,../../data/test/092.png,4.5961406e-07,0.9999993,2.3383348e-07
TEST_093,../../data/test/093.png,0.02714107,0.80359954,0.16925931
TEST_094,../../data/test/094.png,3.3491327e-07,0.9999995,1.8162832e-07
TEST_095,../../data/test/095.png,4.461671e-07,0.9999981,1.5143897e-06
TEST_096,../../data/test/096.png,9.227055e-07,0.99999815,8.8531664e-07
TEST_097,../../data/test/097.png,2.6315729e-05,0.6647235,0.33525017
TEST_098,../../data/test/098.png,0.008698982,0.6557537,0.3355473
TEST_099,../../data/test/099.png,0.11860598,0.8812812,0.000112772825
TEST_100,../../data/test/100.png,0.3343704,0.64803034,0.01759929
TEST_101,../../data/test/101.png,6.438291e-07,0.9999992,1.7712023e-07
TEST_102,../../data/test/102.png,3.0945282e-07,0.9999995,2.1149407e-07
TEST_103,../../data/test/103.png,2.1094684e-06,0.9999943,3.6571746e-06
TEST_104,../../data/test/104.png,9.264059e-07,0.9999966,2.5337708e-06
TEST_105,../../data/test/105.png,2.4434195e-05,0.99997336,2.1823407e-06
TEST_106,../../data/test/106.png,0.99986666,0.00011555501,1.77385e-05
TEST_107,../../data/test/107.png,0.012855289,0.9871027,4.2069547e-05
TEST_108,../../data/test/108.png,2.8895417e-07,0.9999996,6.921215e-08
TEST_109,../../data/test/109.png,9.911013e-07,0.99999875,2.1528827e-07
TEST_110,../../data/test/110.png,4.730084e-08,0.9999997,2.9762217e-07
TEST_111,../../data/test/111.png,1.4002302e-06,0.99999815,4.203572e-07
TEST_112,../../data/test/112.png,1.4888361e-07,0.9999998,6.931377e-08
TEST_113,../../data/test/113.png,1.3767459e-05,0.9999852,9.625069e-07
TEST_114,../../data/test/114.png,9.9876395e-08,0.9999998,6.277162e-08
TEST_115,../../data/test/115.png,3.6501055e-07,0.9999995,1.787747e-07
TEST_116,../../data/test/116.png,9.44327e-06,0.9999881,2.489681e-06
TEST_117,../../data/test/117.png,5.875609e-07,0.9999993,1.7177781e-07
TEST_118,../../data/test/118.png,0.0001779996,0.9990053,0.0008166509
TEST_119,../../data/test/119.png,2.249946e-06,0.99999046,7.295759e-06
TEST_120,../../data/test/120.png,0.00066962925,0.9992345,9.59186e-05
TEST_121,../../data/test/121.png,1.8425729e-06,0.9999979,2.0770227e-07
TEST_122,../../data/test/122.png,0.0011406108,0.99884343,1.594841e-05
TEST_123,../../data/test/123.png,2.2408543e-05,0.9999609,1.664764e-05
TEST_124,../../data/test/124.png,4.7548732e-05,0.99995,2.4113722e-06
TEST_125,../../data/test/125.png,1.6990193e-06,0.99999756,7.2916055e-07
TEST_126,../../data/test/126.png,2.1520153e-05,0.99997807,4.6362655e-07
TEST_127,../../data/test/127.png,3.1367363e-06,0.99999624,6.0845196e-07
TEST_128,../../data/test/128.png,9.518319e-08,0.9999997,1.664572e-07
TEST_129,../../data/test/129.png,0.19967447,0.6977134,0.10261214
TEST_130,../../data/test/130.png,0.35472378,0.6451688,0.00010737609
TEST_131,../../data/test/131.png,0.99019,0.009786355,2.3562852e-05
TEST_132,../../data/test/132.png,0.9850823,0.012997874,0.0019197665
TEST_133,../../data/test/133.png,3.568332e-07,0.9999995,1.0370058e-07
TEST_134,../../data/test/134.png,0.0022487033,0.95943856,0.03831273
TEST_135,../../data/test/135.png,3.312383e-05,0.99996334,3.4810262e-06
TEST_136,../../data/test/136.png,5.694166e-06,0.99997807,1.621678e-05
TEST_137,../../data/test/137.png,5.7077506e-07,0.9999993,1.4905397e-07
TEST_138,../../data/test/138.png,5.3817405e-07,0.9999978,1.7373087e-06
TEST_139,../../data/test/139.png,1.3183268e-05,0.9999852,1.6072378e-06
TEST_140,../../data/test/140.png,0.0050144647,0.49156824,0.50341725
TEST_141,../../data/test/141.png,2.2234673e-05,0.99924755,0.0007302091
TEST_142,../../data/test/142.png,8.421977e-08,0.9999998,4.1117357e-08
TEST_143,../../data/test/143.png,0.0004105765,0.9995735,1.5931952e-05
TEST_144,../../data/test/144.png,4.429822e-07,0.99999857,1.0406978e-06
TEST_145,../../data/test/145.png,2.4273507e-07,0.9999997,9.295372e-08
TEST_146,../../data/test/146.png,1.4533107e-06,0.99975824,0.00024028873
TEST_147,../../data/test/147.png,8.071289e-06,0.99998784,4.087873e-06
TEST_148,../../data/test/148.png,8.071176e-07,0.99999887,2.7441095e-07
TEST_149,../../data/test/149.png,0.20664822,0.79316026,0.00019148987
TEST_150,../../data/test/150.png,6.512129e-06,0.9999878,5.7635e-06
TEST_151,../../data/test/151.png,7.59901e-05,0.99992114,2.8791246e-06
TEST_152,../../data/test/152.png,9.830418e-06,0.99998933,7.72166e-07
TEST_153,../../data/test/153.png,8.59546e-07,0.99999887,2.1438758e-07
TEST_154,../../data/test/154.png,6.471341e-07,0.999999,4.065295e-07
TEST_155,../../data/test/155.png,6.2432724e-07,0.9999992,1.5531856e-07
TEST_156,../../data/test/156.png,9.25647e-06,0.9999847,6.068603e-06
TEST_157,../../data/test/157.png,0.006668815,0.81006646,0.18326475
TEST_158,../../data/test/158.png,3.4400786e-05,0.99991244,5.3162483e-05
TEST_159,../../data/test/159.png,7.225341e-06,0.9999833,9.397513e-06
TEST_160,../../data/test/160.png,0.0036108631,0.5268705,0.46951863
TEST_161,../../data/test/161.png,0.0005577481,0.99943286,9.35381e-06
TEST_162,../../data/test/162.png,3.0709768e-07,0.9999996,8.097816e-08
TEST_163,../../data/test/163.png,8.212243e-07,0.99999887,2.6179626e-07
TEST_164,../../data/test/164.png,2.3526479e-07,0.9999997,5.693401e-08
TEST_165,../../data/test/165.png,1.6630109e-05,0.9999812,2.1287924e-06
TEST_166,../../data/test/166.png,9.588681e-05,0.9998935,1.0583274e-05
TEST_167,../../data/test/167.png,3.8216254e-07,0.9999995,8.160034e-08
TEST_168,../../data/test/168.png,1.9813736e-07,0.9999995,2.3898136e-07
TEST_169,../../data/test/169.png,1.1473566e-06,0.9999984,4.009352e-07
TEST_170,../../data/test/170.png,8.078852e-06,0.9999912,7.38672e-07
TEST_171,../../data/test/171.png,3.869965e-07,0.99999934,2.7870206e-07
TEST_172,../../data/test/172.png,2.2097062e-07,0.9999997,1.10578334e-07
TEST_173,../../data/test/173.png,1.4406684e-05,0.9999824,3.1327447e-06
TEST_174,../../data/test/174.png,2.2825508e-07,0.9999997,9.567969e-08
TEST_175,../../data/test/175.png,0.9460589,0.053895965,4.5063585e-05
TEST_176,../../data/test/176.png,2.077585e-07,0.9999997,1.0819892e-07
TEST_177,../../data/test/177.png,0.0147848455,0.6227167,0.3624984
TEST_178,../../data/test/178.png,1.3293992e-06,0.9999979,7.327294e-07
TEST_179,../../data/test/179.png,0.99999636,6.093923e-07,3.0189249e-06
TEST_180,../../data/test/180.png,0.0011579549,0.99881864,2.3401122e-05
TEST_181,../../data/test/181.png,0.35251662,0.6473536,0.00012987154
TEST_182,../../data/test/182.png,1.43087445e-05,0.99966645,0.0003192478
TEST_183,../../data/test/183.png,0.99583405,0.004142404,2.3604089e-05
TEST_184,../../data/test/184.png,4.4523063e-07,0.99999934,1.8456456e-07
TEST_185,../../data/test/185.png,0.000249455,0.051138554,0.94861203
TEST_186,../../data/test/186.png,0.99979496,0.0001684802,3.6550548e-05
TEST_187,../../data/test/187.png,2.515917e-05,0.99997205,2.8142902e-06
TEST_188,../../data/test/188.png,0.99987644,0.00010079455,2.2771119e-05
TEST_189,../../data/test/189.png,0.6328231,0.36705935,0.00011757101
TEST_190,../../data/test/190.png,0.99940014,0.00057865406,2.1151884e-05
TEST_191,../../data/test/191.png,1.8397205e-06,0.9999979,1.9886001e-07
TEST_192,../../data/test/192.png,0.0002753704,0.9997147,9.902825e-06
TEST_193,../../data/test/193.png,0.43080172,0.5689437,0.0002546238
TEST_194,../../data/test/194.png,1.2638021e-07,0.9999997,1.3035644e-07
TEST_195,../../data/test/195.png,5.4958914e-06,0.9999941,4.116739e-07
TEST_196,../../data/test/196.png,5.0874612e-05,0.9985867,0.0013624394
TEST_197,../../data/test/197.png,0.0008271733,0.9991465,2.6284317e-05
TEST_198,../../data/test/198.png,2.1787764e-07,0.9999996,1.4458281e-07
TEST_199,../../data/test/199.png,0.011439875,0.98854876,1.1389099e-05
TEST_200,../../data/test/200.png,0.0002772704,0.99969643,2.6289626e-05
TEST_201,../../data/test/201.png,0.9999364,5.472213e-05,8.823394e-06
TEST_202,../../data/test/202.png,3.3289625e-06,0.99983615,0.00016057074
TEST_203,../../data/test/203.png,0.007256921,0.99264026,0.00010279075
TEST_204,../../data/test/204.png,0.99996704,2.2722072e-05,1.025214e-05
TEST_205,../../data/test/205.png,0.99999696,1.0245927e-06,1.9855095e-06
TEST_206,../../data/test/206.png,0.932898,0.066935554,0.0001664785
TEST_207,../../data/test/207.png,1.741882e-06,0.99999696,1.3041393e-06
TEST_208,../../data/test/208.png,0.04604456,0.95136976,0.0025857051
TEST_209,../../data/test/209.png,4.24399e-07,0.9999995,6.3924816e-08
TEST_210,../../data/test/210.png,0.999996,5.437907e-07,3.4625389e-06
TEST_211,../../data/test/211.png,3.8474784e-07,0.99999905,6.0922474e-07
TEST_212,../../data/test/212.png,5.553545e-06,0.99986345,0.00013105055
TEST_213,../../data/test/213.png,0.0016616645,0.9981311,0.00020719877
TEST_214,../../data/test/214.png,0.0001366639,0.99985933,4.0554573e-06
TEST_215,../../data/test/215.png,1.1882381e-05,0.99998695,1.1212892e-06
TEST_216,../../data/test/216.png,1.7162216e-07,0.99999976,7.847624e-08
TEST_217,../../data/test/217.png,1.5559617e-07,0.99999976,5.6049114e-08
TEST_218,../../data/test/218.png,2.85783e-06,0.99999505,2.0709772e-06
TEST_219,../../data/test/219.png,2.0762684e-06,0.9999977,2.3709613e-07
TEST_220,../../data/test/220.png,0.0010028635,0.99892277,7.4359785e-05
TEST_221,../../data/test/221.png,3.4118548e-05,0.99996376,2.0676719e-06
TEST_222,../../data/test/222.png,0.00318839,0.98708916,0.009722526
TEST_223,../../data/test/223.png,2.3757855e-06,0.999993,4.620903e-06
TEST_224,../../data/test/224.png,6.312019e-07,0.999999,3.8362418e-07
TEST_225,../../data/test/225.png,1.7548092e-07,0.99999976,8.939875e-08
TEST_226,../../data/test/226.png,1.7544852e-06,0.99999785,3.8964887e-07
TEST_227,../../data/test/227.png,8.9661764e-05,0.9999048,5.616144e-06
TEST_228,../../data/test/228.png,3.5677667e-07,0.99999934,2.7556612e-07
TEST_229,../../data/test/229.png,1.3546221e-05,0.9999841,2.300242e-06
TEST_230,../../data/test/230.png,4.7558365e-07,0.99999946,8.681908e-08
TEST_231,../../data/test/231.png,0.0051873913,0.94031113,0.054501444
TEST_232,../../data/test/232.png,0.1890456,0.8109394,1.5045935e-05
TEST_233,../../data/test/233.png,2.5765192e-07,0.9999995,2.1114055e-07
TEST_234,../../data/test/234.png,1.935978e-06,0.999984,1.4060991e-05
TEST_235,../../data/test/235.png,9.0402006e-07,0.99999857,4.8416103e-07
TEST_236,../../data/test/236.png,0.9999921,5.1930233e-06,2.7128524e-06
TEST_237,../../data/test/237.png,0.5494125,0.4502804,0.0003071553
TEST_238,../../data/test/238.png,6.351068e-07,0.99999905,3.5472056e-07
TEST_239,../../data/test/239.png,0.011265778,0.98865587,7.8376754e-05
TEST_240,../../data/test/240.png,1.6083833e-06,0.999994,4.4533285e-06
TEST_241,../../data/test/241.png,3.0998766e-07,0.99999875,1.0048813e-06
TEST_242,../../data/test/242.png,7.7060095e-06,0.9999659,2.6383832e-05
TEST_243,../../data/test/243.png,1.8887664e-07,0.9999997,1.7257746e-07
TEST_244,../../data/test/244.png,1.1893667e-06,0.9999984,4.3510144e-07
TEST_245,../../data/test/245.png,0.003317696,0.99659663,8.562048e-05
TEST_246,../../data/test/246.png,1.0377735e-05,0.99998814,1.487415e-06
TEST_247,../../data/test/247.png,1.2533046e-06,0.99999857,1.971437e-07
TEST_248,../../data/test/248.png,0.0004779615,0.07201477,0.9275072
TEST_249,../../data/test/249.png,0.27003333,0.729804,0.0001627058
TEST_250,../../data/test/250.png,0.00012448888,0.99986047,1.5108594e-05
TEST_251,../../data/test/251.png,0.021312675,0.87878066,0.099906616
TEST_252,../../data/test/252.png,2.2456595e-07,0.99999976,3.9851844e-08
TEST_253,../../data/test/253.png,3.7141715e-05,0.9999611,1.7937846e-06
TEST_254,../../data/test/254.png,0.00021146079,0.99963635,0.00015224246
TEST_255,../../data/test/255.png,1.634473e-06,0.99998873,9.670249e-06
TEST_256,../../data/test/256.png,5.333149e-07,4.1412175e-05,0.99995804
TEST_257,../../data/test/257.png,0.9999973,1.6026165e-06,1.1075889e-06
TEST_258,../../data/test/258.png,2.1387622e-07,0.9999991,6.5208263e-07
TEST_259,../../data/test/259.png,0.21145369,0.78282076,0.0057255295
TEST_260,../../data/test/260.png,0.004011129,0.44163537,0.55435354
TEST_261,../../data/test/261.png,0.11329058,0.8809573,0.005752135
TEST_262,../../data/test/262.png,3.8828634e-06,0.99999595,1.360173e-07
TEST_263,../../data/test/263.png,1.5529387e-06,0.99998635,1.2081142e-05
TEST_264,../../data/test/264.png,0.30633414,0.69339854,0.00026728702
TEST_265,../../data/test/265.png,0.9995777,0.00039690305,2.5425077e-05
TEST_266,../../data/test/266.png,0.0010789892,0.99888426,3.6729383e-05
TEST_267,../../data/test/267.png,0.9999916,5.405333e-06,3.0613085e-06
TEST_268,../../data/test/268.png,4.17234e-07,0.9999993,2.9206515e-07
TEST_269,../../data/test/269.png,6.5250333e-06,0.9999934,6.3811505e-08
TEST_270,../../data/test/270.png,3.2343432e-05,0.99993706,3.060982e-05
TEST_271,../../data/test/271.png,0.1124321,0.8874688,9.911504e-05
TEST_272,../../data/test/272.png,3.2870473e-06,0.999995,1.7004813e-06
TEST_273,../../data/test/273.png,3.0120586e-07,0.9999995,1.9227814e-07
TEST_274,../../data/test/274.png,2.2045962e-05,0.9985006,0.0014773767
TEST_275,../../data/test/275.png,0.40666786,0.5926905,0.0006416148
TEST_276,../../data/test/276.png,0.9833278,0.01655556,0.0001166973
TEST_277,../../data/test/277.png,0.99996185,2.9417379e-05,8.732063e-06
TEST_278,../../data/test/278.png,0.8467922,0.15294589,0.00026190528
TEST_279,../../data/test/279.png,0.6801236,0.31116262,0.0087136775
TEST_280,../../data/test/280.png,0.00040761658,0.9995858,6.6470334e-06
TEST_281,../../data/test/281.png,1.6517282e-06,0.9999981,2.4075936e-07
TEST_282,../../data/test/282.png,4.044791e-05,0.021873223,0.9780863
TEST_283,../../data/test/283.png,3.9098109e-07,0.99999714,2.5050338e-06
TEST_284,../../data/test/284.png,1.9738784e-06,0.9999974,6.4749287e-07
TEST_285,../../data/test/285.png,3.419771e-05,0.99993706,2.8738947e-05
TEST_286,../../data/test/286.png,0.00022340853,0.99977493,1.6594736e-06
TEST_287,../../data/test/287.png,0.014057943,0.9858499,9.210454e-05
TEST_288,../../data/test/288.png,1.6891258e-06,0.9999979,3.4082845e-07
TEST_289,../../data/test/289.png,3.3366745e-05,0.99996156,5.050432e-06
TEST_290,../../data/test/290.png,6.678177e-07,0.9999992,8.355472e-08
TEST_291,../../data/test/291.png,0.002421762,0.9975729,5.2806645e-06
TEST_292,../../data/test/292.png,7.2957373e-06,0.99999213,5.9759236e-07
TEST_293,../../data/test/293.png,1.996617e-05,0.9999779,2.2017045e-06
TEST_294,../../data/test/294.png,0.0049898764,0.9949288,8.139447e-05
TEST_295,../../data/test/295.png,0.10525131,0.8947067,4.1963376e-05
TEST_296,../../data/test/296.png,0.05580026,0.9439964,0.00020325552
TEST_297,../../data/test/297.png,0.0001807512,0.9790068,0.020812398
TEST_298,../../data/test/298.png,6.017508e-07,0.9999993,1.3119275e-07
TEST_299,../../data/test/299.png,1.31721e-05,0.99997884,8.034759e-06
TEST_300,../../data/test/300.png,0.1425369,0.8573145,0.00014862165
TEST_301,../../data/test/301.png,4.346389e-06,0.9999941,1.551611e-06
TEST_302,../../data/test/302.png,3.6780816e-07,0.9999995,1.2579103e-07
TEST_303,../../data/test/303.png,2.283771e-05,0.9994252,0.0005519418
TEST_304,../../data/test/304.png,0.26128906,0.73861605,9.4896146e-05
TEST_305,../../data/test/305.png,1.3432618e-06,0.9999981,5.5699405e-07
TEST_306,../../data/test/306.png,0.0013643269,0.3360931,0.6625426
TEST_307,../../data/test/307.png,2.512466e-05,0.99987644,9.8421595e-05
TEST_308,../../data/test/308.png,3.7914266e-05,0.9999512,1.0857686e-05
TEST_309,../../data/test/309.png,9.467399e-06,0.99998933,1.2174647e-06
TEST_310,../../data/test/310.png,3.474514e-07,0.9999995,1.4513157e-07
TEST_311,../../data/test/311.png,1.2246142e-06,6.906069e-05,0.9999297
TEST_312,../../data/test/312.png,0.00435743,0.96444315,0.03119947
TEST_313,../../data/test/313.png,2.3787316e-05,0.99997383,2.3441282e-06
TEST_314,../../data/test/314.png,0.63379437,0.36582538,0.00038027903
TEST_315,../../data/test/315.png,0.03608533,0.9638737,4.098179e-05
TEST_316,../../data/test/316.png,6.6638177e-07,0.9999991,1.9562141e-07
TEST_317,../../data/test/317.png,3.4948982e-07,0.99999857,1.0619495e-06
TEST_318,../../data/test/318.png,0.00025056503,0.99974823,1.2473588e-06
TEST_319,../../data/test/319.png,0.99985224,0.00014197845,5.7453094e-06
TEST_320,../../data/test/320.png,0.24708253,0.7526509,0.00026661402
TEST_321,../../data/test/321.png,0.0011590933,0.97711897,0.021721875
TEST_322,../../data/test/322.png,5.255187e-05,0.8185506,0.18139689
TEST_323,../../data/test/323.png,1.0513713e-07,0.9999998,4.3678696e-08
TEST_324,../../data/test/324.png,1.188837e-05,0.99989,9.809295e-05
TEST_325,../../data/test/325.png,7.790134e-05,0.9999059,1.6136626e-05
TEST_326,../../data/test/326.png,4.8064856e-05,0.99994564,6.323462e-06
TEST_327,../../data/test/327.png,0.004985855,0.99405116,0.0009629435
TEST_328,../../data/test/328.png,0.16737033,0.8314292,0.001200501
TEST_329,../../data/test/329.png,0.00014419616,0.99984884,6.97771e-06
TEST_330,../../data/test/330.png,1.2044909e-06,0.99999857,1.9142499e-07
TEST_331,../../data/test/331.png,1.2391873e-05,0.9999838,3.884865e-06
TEST_332,../../data/test/332.png,2.0002417e-05,0.99997777,2.2330055e-06
TEST_333,../../data/test/333.png,3.3526024e-07,0.9999995,1.6442452e-07
TEST_334,../../data/test/334.png,0.5461591,0.45373285,0.00010809878
TEST_335,../../data/test/335.png,0.49160358,0.508197,0.00019940491
TEST_336,../../data/test/336.png,1.3700657e-07,0.99999976,9.220886e-08
TEST_337,../../data/test/337.png,8.317929e-05,0.9801223,0.0197945
TEST_338,../../data/test/338.png,5.9022173e-06,0.9997825,0.00021161085
TEST_339,../../data/test/339.png,0.00034223418,0.021535045,0.9781227
TEST_340,../../data/test/340.png,0.00037276253,0.020969883,0.9786573
TEST_341,../../data/test/341.png,9.67851e-07,0.9999885,1.0540455e-05
TEST_342,../../data/test/342.png,0.3158163,0.68372816,0.00045555062
TEST_343,../../data/test/343.png,1.1485448e-05,0.005014958,0.9949736
TEST_344,../../data/test/344.png,1.9376354e-07,0.99999976,6.903433e-08
TEST_345,../../data/test/345.png,1.2070493e-07,0.9999998,3.979821e-08
TEST_346,../../data/test/346.png,0.019530563,0.97612953,0.0043399124
TEST_347,../../data/test/347.png,3.0596036e-06,0.99999666,2.6154487e-07
TEST_348,../../data/test/348.png,1.050401e-06,0.99999857,4.2387282e-07
TEST_349,../../data/test/349.png,0.9912819,0.008662985,5.5145272e-05
TEST_350,../../data/test/350.png,3.0410004e-06,0.99999684,2.2341617e-07
TEST_351,../../data/test/351.png,1.9476186e-06,0.9999962,1.899443e-06
TEST_352,../../data/test/352.png,0.0013751191,0.99757546,0.0010494909
TEST_353,../../data/test/353.png,0.99911755,0.0008628268,1.9664718e-05
TEST_354,../../data/test/354.png,1.8836626e-07,0.9999995,2.3560982e-07
TEST_355,../../data/test/355.png,1.344146e-06,0.9999984,2.8863047e-07
TEST_356,../../data/test/356.png,1.13191525e-07,0.9999997,2.3575615e-07
TEST_357,../../data/test/357.png,0.273104,0.72683793,5.7977944e-05
TEST_358,../../data/test/358.png,0.9999614,3.57173e-05,2.8949628e-06
TEST_359,../../data/test/359.png,1.8276661e-06,0.9999976,4.779497e-07
TEST_360,../../data/test/360.png,2.530811e-06,0.9999967,7.082952e-07
TEST_361,../../data/test/361.png,0.000109825545,0.9998818,8.39147e-06
TEST_362,../../data/test/362.png,0.0014673189,0.99850446,2.8140808e-05
TEST_363,../../data/test/363.png,1.0570621e-06,0.9999452,5.3737676e-05
TEST_364,../../data/test/364.png,3.018257e-05,0.9999645,5.3355216e-06
TEST_365,../../data/test/365.png,1.2171292e-07,0.99999976,1.09140814e-07
TEST_366,../../data/test/366.png,0.00024482663,0.99536246,0.0043927417
TEST_367,../../data/test/367.png,0.00027298837,0.9996945,3.2521744e-05
TEST_368,../../data/test/368.png,6.262368e-06,0.99996203,3.1686515e-05
TEST_369,../../data/test/369.png,8.918515e-06,0.0009325991,0.9990585
TEST_370,../../data/test/370.png,5.5102882e-06,0.0007073006,0.9992872
TEST_371,../../data/test/371.png,0.04151075,0.9577117,0.00077755755
TEST_372,../../data/test/372.png,0.33001485,0.669976,9.069747e-06
TEST_373,../../data/test/373.png,1.1247149e-05,0.9999881,6.6803796e-07
TEST_374,../../data/test/374.png,0.99810046,0.0018423958,5.7194306e-05
TEST_375,../../data/test/375.png,1.5573996e-06,0.9999979,5.443082e-07
TEST_376,../../data/test/376.png,7.563878e-05,0.99771065,0.0022137251
TEST_377,../../data/test/377.png,4.783827e-07,0.99999934,9.896047e-08
TEST_378,../../data/test/378.png,4.5574723e-07,0.99999934,1.7906552e-07
TEST_379,../../data/test/379.png,9.961234e-05,0.99988985,1.051438e-05
TEST_380,../../data/test/380.png,1.3821051e-06,0.9999979,7.3358507e-07
TEST_381,../../data/test/381.png,4.1860562e-07,0.9999978,1.8221816e-06
TEST_382,../../data/test/382.png,1.18359085e-05,0.9999838,4.4017956e-06
TEST_383,../../data/test/383.png,4.3508885e-07,0.9999995,8.1976054e-08
TEST_384,../../data/test/384.png,8.228765e-05,0.99991244,5.3809886e-06
TEST_385,../../data/test/385.png,3.0678788e-05,0.9584878,0.0414815
TEST_386,../../data/test/386.png,0.00029260505,0.9997056,1.7245294e-06
TEST_387,../../data/test/387.png,4.738752e-06,0.9999774,1.7808006e-05
TEST_388,../../data/test/388.png,0.00546107,0.99449086,4.808883e-05
TEST_389,../../data/test/389.png,0.032525364,0.9673791,9.551353e-05
TEST_390,../../data/test/390.png,1.4432894e-07,0.9999998,6.454753e-08
TEST_391,../../data/test/391.png,2.482142e-06,0.9999971,4.5210643e-07
TEST_392,../../data/test/392.png,1.1036888e-05,0.9999884,6.19505e-07
TEST_393,../../data/test/393.png,0.00010207245,0.75559837,0.24429949
TEST_394,../../data/test/394.png,4.2208435e-06,0.9999936,2.1175017e-06
TEST_395,../../data/test/395.png,1.2503577e-05,0.99998546,2.0360212e-06
TEST_396,../../data/test/396.png,8.000408e-07,0.99999905,1.3689389e-07
TEST_397,../../data/test/397.png,0.00069680903,0.91456646,0.08473685
TEST_398,../../data/test/398.png,2.3177017e-07,0.9999997,1.0065139e-07
TEST_399,../../data/test/399.png,7.526061e-07,0.999999,3.0246096e-07
TEST_400,../../data/test/400.png,2.329122e-06,0.9999974,2.6927145e-07
TEST_401,../../data/test/401.png,1.8751229e-05,0.9998453,0.00013584564
TEST_402,../../data/test/402.png,5.256537e-07,0.99999934,1.29946e-07
TEST_403,../../data/test/403.png,2.0216733e-06,0.99999595,2.0394693e-06
TEST_404,../../data/test/404.png,0.9999979,8.6505185e-07,1.2150704e-06
TEST_405,../../data/test/405.png,0.029836541,0.96981496,0.0003485752
TEST_406,../../data/test/406.png,7.893337e-06,0.9999849,7.1612303e-06
TEST_407,../../data/test/407.png,0.11362371,0.8860486,0.0003275893
TEST_408,../../data/test/408.png,2.6184873e-06,0.9999962,1.1559542e-06
TEST_409,../../data/test/409.png,7.9522215e-06,0.99922603,0.00076600636
TEST_410,../../data/test/410.png,0.082204826,0.9176676,0.00012755068
TEST_411,../../data/test/411.png,0.025480015,0.9744285,9.151207e-05
TEST_412,../../data/test/412.png,2.0316807e-05,0.99997354,6.1736196e-06
TEST_413,../../data/test/413.png,3.0498077e-07,0.99999934,3.95951e-07
TEST_414,../../data/test/414.png,1.2823246e-07,0.9999997,1.4135173e-07
TEST_415,../../data/test/415.png,8.80801e-07,0.99999905,1.4163874e-07
TEST_416,../../data/test/416.png,1.9395638e-07,0.9999997,1.5092719e-07
TEST_417,../../data/test/417.png,9.273605e-06,0.99998826,2.4477451e-06
TEST_418,../../data/test/418.png,0.9984663,0.0015167521,1.6975855e-05
TEST_419,../../data/test/419.png,9.056604e-08,0.9999998,8.444305e-08
TEST_420,../../data/test/420.png,2.3462422e-07,0.99999946,2.8609472e-07
TEST_421,../../data/test/421.png,5.7660567e-05,0.9999399,2.467034e-06
TEST_422,../../data/test/422.png,0.44589105,0.5538702,0.000238718
TEST_423,../../data/test/423.png,4.893681e-07,0.9999993,2.2692923e-07
TEST_424,../../data/test/424.png,4.026249e-06,0.99999577,2.23676e-07
TEST_425,../../data/test/425.png,8.075139e-06,0.9999898,2.1022297e-06
TEST_426,../../data/test/426.png,0.00010892493,0.9997654,0.00012565545
TEST_427,../../data/test/427.png,0.0002578994,0.89739996,0.10234212
TEST_428,../../data/test/428.png,0.99978465,0.00020037248,1.4997255e-05
TEST_429,../../data/test/429.png,0.0010594191,0.94087416,0.058066368
TEST_430,../../data/test/430.png,8.377534e-05,0.999907,9.186445e-06
TEST_431,../../data/test/431.png,3.981789e-07,0.9999992,3.127844e-07
TEST_432,../../data/test/432.png,0.9998164,0.00015489275,2.8639215e-05
TEST_433,../../data/test/433.png,2.6125797e-05,0.99997264,1.2624017e-06
TEST_434,../../data/test/434.png,4.9807913e-06,0.00047349106,0.9995215
TEST_435,../../data/test/435.png,0.9933855,0.0065259766,8.850404e-05
TEST_436,../../data/test/436.png,3.666482e-05,0.7198579,0.28010553
TEST_437,../../data/test/437.png,0.80283594,0.17731868,0.01984547
TEST_438,../../data/test/438.png,0.34011376,0.65972465,0.00016157892
TEST_439,../../data/test/439.png,1.9434638e-06,0.9999978,2.4235115e-07
TEST_440,../../data/test/440.png,0.0015837507,0.996653,0.0017632348
TEST_441,../../data/test/441.png,0.0011817295,0.9987416,7.661981e-05
TEST_442,../../data/test/442.png,1.791341e-05,0.9999407,4.1403615e-05
TEST_443,../../data/test/443.png,0.002119778,0.9978347,4.5507008e-05
TEST_444,../../data/test/444.png,0.26813772,0.7313306,0.0005316783
TEST_445,../../data/test/445.png,8.5544154e-05,0.99985904,5.5461704e-05
TEST_446,../../data/test/446.png,9.817435e-07,0.99999833,7.0879156e-07
TEST_447,../../data/test/447.png,0.0045554163,0.99543834,6.220032e-06
TEST_448,../../data/test/448.png,3.924406e-05,0.9999549,5.961279e-06
TEST_449,../../data/test/449.png,0.00043354707,0.9995625,4.0022737e-06
TEST_450,../../data/test/450.png,0.00056295807,0.99943143,5.6304075e-06
TEST_451,../../data/test/451.png,9.66992e-06,0.99998957,7.288398e-07
TEST_452,../../data/test/452.png,1.2814312e-05,0.99994564,4.1497336e-05
TEST_453,../../data/test/453.png,0.60272694,0.37197006,0.025302984
TEST_454,../../data/test/454.png,0.0011012146,0.9988329,6.5928805e-05
TEST_455,../../data/test/455.png,0.33625007,0.6637046,4.536359e-05
TEST_456,../../data/test/456.png,1.5322148e-07,0.99999976,7.888815e-08
TEST_457,../../data/test/457.png,0.9926446,0.0055726054,0.0017827755
TEST_458,../../data/test/458.png,0.0332363,0.95888466,0.007879037
TEST_459,../../data/test/459.png,2.2429691e-05,0.99997497,2.6003356e-06
TEST_460,../../data/test/460.png,2.3974038e-05,0.9999736,2.4080464e-06
TEST_461,../../data/test/461.png,0.3955072,0.60443157,6.131427e-05
TEST_462,../../data/test/462.png,0.0009030374,0.9990621,3.482436e-05
TEST_463,../../data/test/463.png,0.00087478623,0.9959809,0.0031443418
TEST_464,../../data/test/464.png,1.8931298e-07,0.9999997,7.1930614e-08
TEST_465,../../data/test/465.png,4.137579e-05,0.99995595,2.6715932e-06
TEST_466,../../data/test/466.png,0.017479004,0.9824763,4.4683533e-05
TEST_467,../../data/test/467.png,2.7142423e-07,0.99999934,3.430758e-07
TEST_468,../../data/test/468.png,0.038435213,0.96149707,6.768753e-05
TEST_469,../../data/test/469.png,0.0057040188,0.9160078,0.07828816
TEST_470,../../data/test/470.png,1.262447e-07,0.99999976,1.2967313e-07
TEST_471,../../data/test/471.png,2.0840942e-07,0.9999997,6.3854365e-08
TEST_472,../../data/test/472.png,1.9681843e-06,0.99621564,0.0037823527
TEST_473,../../data/test/473.png,2.3143112e-07,0.9999996,1.6576978e-07
TEST_474,../../data/test/474.png,4.729592e-05,0.99966353,0.00028919688
TEST_475,../../data/test/475.png,0.0018857303,0.66159517,0.33651903
TEST_476,../../data/test/476.png,6.597964e-06,0.999363,0.00063033536
TEST_477,../../data/test/477.png,3.6580688e-05,0.9999592,4.2360607e-06
TEST_478,../../data/test/478.png,1.3097862e-07,0.99999976,1.0089115e-07
TEST_479,../../data/test/479.png,0.00013147182,0.9994485,0.0004200583
TEST_480,../../data/test/480.png,2.2679321e-06,0.99999744,2.5253146e-07
TEST_481,../../data/test/481.png,0.9999833,1.2549801e-05,4.1081325e-06
TEST_482,../../data/test/482.png,5.7305664e-07,0.99999905,3.2799528e-07
TEST_483,../../data/test/483.png,0.9952159,0.004720871,6.325983e-05
TEST_484,../../data/test/484.png,0.66654664,0.33343685,1.646491e-05
TEST_485,../../data/test/485.png,7.3375954e-06,0.9978819,0.0021107728
TEST_486,../../data/test/486.png,0.00028083756,0.9986393,0.0010799014
TEST_487,../../data/test/487.png,0.3955072,0.60443157,6.131427e-05
TEST_488,../../data/test/488.png,2.1755688e-05,0.9999772,1.0367395e-06
TEST_489,../../data/test/489.png,0.0008650632,0.99907535,5.963103e-05
TEST_490,../../data/test/490.png,0.99363464,0.006310891,5.451409e-05
TEST_491,../../data/test/491.png,3.5316218e-05,0.9999113,5.3329346e-05
TEST_492,../../data/test/492.png,5.069365e-05,0.99771404,0.0022352324
TEST_493,../../data/test/493.png,0.006453275,0.99344105,0.00010570622
TEST_494,../../data/test/494.png,0.99987537,0.000100706624,2.3902394e-05
TEST_495,../../data/test/495.png,3.771056e-05,0.74984765,0.25011465
TEST_496,../../data/test/496.png,3.1839795e-07,0.9999996,9.8725366e-08
TEST_497,../../data/test/497.png,0.9900891,0.00981637,9.445368e-05
TEST_498,../../data/test/498.png,1.3877133e-06,0.9999431,5.555686e-05
TEST_499,../../data/test/499.png,2.7440727e-05,0.99997073,1.7764781e-06
TEST_500,../../data/test/500.png,0.33234248,0.6675814,7.6089935e-05
TEST_501,../../data/test/501.png,3.5395378e-06,0.9996993,0.00029713335
TEST_502,../../data/test/502.png,0.003890644,0.97582436,0.02028502
TEST_503,../../data/test/503.png,8.021902e-07,0.9999981,1.1431299e-06
TEST_504,../../data/test/504.png,1.283609e-06,0.9999984,3.087668e-07
TEST_505,../../data/test/505.png,0.032698985,0.9672685,3.2442233e-05
TEST_506,../../data/test/506.png,2.2190388e-05,0.9974826,0.0024952793
TEST_507,../../data/test/507.png,0.00031054075,0.9996841,5.3511153e-06
TEST_508,../../data/test/508.png,4.2694886e-05,0.9999473,9.97107e-06
TEST_509,../../data/test/509.png,6.614686e-07,0.99999905,2.5296e-07
TEST_510,../../data/test/510.png,0.00075434335,0.97663075,0.022614872
TEST_511,../../data/test/511.png,8.4978274e-05,0.9559255,0.04398951
TEST_512,../../data/test/512.png,0.0009972799,0.42768177,0.57132095
TEST_513,../../data/test/513.png,9.740368e-07,0.9999986,3.6851836e-07
TEST_514,../../data/test/514.png,0.9992842,0.00070668943,9.128807e-06
TEST_515,../../data/test/515.png,2.1185919e-07,0.9999996,1.7854346e-07
TEST_516,../../data/test/516.png,0.22190876,0.77792364,0.00016757078
TEST_517,../../data/test/517.png,0.00034854922,0.29476434,0.70488715
TEST_518,../../data/test/518.png,0.0013571159,0.99863106,1.1790667e-05
TEST_519,../../data/test/519.png,3.4811362e-06,0.00036083243,0.9996357
TEST_520,../../data/test/520.png,3.503511e-07,0.9999992,4.6531818e-07
TEST_521,../../data/test/521.png,5.127594e-07,0.999996,3.38647e-06
TEST_522,../../data/test/522.png,0.9996066,0.0003554433,3.7949485e-05
TEST_523,../../data/test/523.png,0.33065453,0.6505268,0.018818598
TEST_524,../../data/test/524.png,0.010753808,0.23581958,0.75342655
TEST_525,../../data/test/525.png,2.2882175e-06,0.9999941,3.6390538e-06
TEST_526,../../data/test/526.png,0.001051473,0.99285513,0.0060933675
TEST_527,../../data/test/527.png,4.8759875e-07,0.99999946,7.343251e-08
TEST_528,../../data/test/528.png,2.0174343e-07,0.9999997,1.4749205e-07
TEST_529,../../data/test/529.png,0.0009051798,0.99907774,1.71023e-05
TEST_530,../../data/test/530.png,2.448597e-05,0.99997157,3.985487e-06
TEST_531,../../data/test/531.png,9.1076487e-07,0.99999905,7.522461e-08
TEST_532,../../data/test/532.png,0.9992388,0.00074513676,1.6029373e-05
TEST_533,../../data/test/533.png,1.4861431e-06,0.9999976,8.5093484e-07
TEST_534,../../data/test/534.png,0.0028025026,0.99710244,9.5069474e-05
TEST_535,../../data/test/535.png,2.4278575e-05,0.9999593,1.6359516e-05
TEST_536,../../data/test/536.png,3.7785978e-06,0.99999,6.320626e-06
TEST_537,../../data/test/537.png,0.12004074,0.87926763,0.0006916868
TEST_538,../../data/test/538.png,9.58023e-07,0.99999875,2.8769716e-07
TEST_539,../../data/test/539.png,1.39522635e-05,0.99998426,1.8050096e-06
TEST_540,../../data/test/540.png,2.4565709e-06,0.9999973,2.5307253e-07
TEST_541,../../data/test/541.png,2.547239e-07,0.9999997,9.5485554e-08
TEST_542,../../data/test/542.png,1.7628503e-07,0.9999997,1.0685457e-07
TEST_543,../../data/test/543.png,1.6300378e-07,0.9999996,2.2926861e-07
TEST_544,../../data/test/544.png,0.3628719,0.6365903,0.000537901
TEST_545,../../data/test/545.png,3.5492994e-07,0.99999946,1.8548747e-07
TEST_546,../../data/test/546.png,0.012990297,0.98684454,0.00016511738
TEST_547,../../data/test/547.png,2.0943916e-07,0.99999976,4.1358334e-08
TEST_548,../../data/test/548.png,1.0897471e-06,0.9999986,2.6522298e-07
TEST_549,../../data/test/549.png,0.9997165,0.00026576055,1.776366e-05
TEST_550,../../data/test/550.png,0.04769425,0.95174694,0.00055879157
TEST_551,../../data/test/551.png,7.2208004e-06,0.99999183,9.402983e-07
TEST_552,../../data/test/552.png,1.9203966e-05,0.004406221,0.99557453
TEST_553,../../data/test/553.png,0.0001346082,0.999163,0.0007024756
TEST_554,../../data/test/554.png,0.0443742,0.955242,0.0003837766
TEST_555,../../data/test/555.png,0.9999166,6.108348e-05,2.2258018e-05
TEST_556,../../data/test/556.png,3.4559696e-05,0.9999411,2.4309176e-05
TEST_557,../../data/test/557.png,3.4587596e-05,0.9999526,1.2754342e-05
TEST_558,../../data/test/558.png,1.4694975e-06,0.9999983,2.1242653e-07
TEST_559,../../data/test/559.png,0.0029045958,0.9788459,0.01824952
TEST_560,../../data/test/560.png,3.8164268e-05,0.6374329,0.362529
TEST_561,../../data/test/561.png,1.786391e-07,0.99999875,1.1567477e-06
TEST_562,../../data/test/562.png,9.518319e-08,0.9999997,1.664572e-07
TEST_563,../../data/test/563.png,6.99506e-07,0.999999,3.5967574e-07
TEST_564,../../data/test/564.png,2.2605825e-06,0.9999955,2.2071242e-06
TEST_565,../../data/test/565.png,2.735738e-06,0.99999636,9.242727e-07
TEST_566,../../data/test/566.png,1.4180144e-06,0.99999714,1.3968541e-06
TEST_567,../../data/test/567.png,3.4285758e-06,0.9999957,8.740115e-07
TEST_568,../../data/test/568.png,0.3054169,0.6942777,0.00030540806
TEST_569,../../data/test/569.png,0.00039564655,0.9995885,1.5906393e-05
TEST_570,../../data/test/570.png,1.4669621e-05,0.9999838,1.5348005e-06
TEST_571,../../data/test/571.png,0.015305164,0.9814563,0.0032385865
TEST_572,../../data/test/572.png,8.713493e-06,0.99999046,8.829781e-07
TEST_573,../../data/test/573.png,4.7736557e-05,0.9999299,2.2398623e-05
TEST_574,../../data/test/574.png,0.00031756403,0.9996764,6.027207e-06
TEST_575,../../data/test/575.png,1.222257e-07,0.9999998,8.5813205e-08
TEST_576,../../data/test/576.png,5.2916093e-05,0.9999418,5.2053183e-06
TEST_577,../../data/test/577.png,7.410311e-07,0.999999,2.858648e-07
TEST_578,../../data/test/578.png,1.0589044e-05,0.9999838,5.664559e-06
TEST_579,../../data/test/579.png,1.9365705e-06,0.9999976,4.3633773e-07
TEST_580,../../data/test/580.png,7.0429036e-05,0.99991924,1.0300827e-05
TEST_581,../../data/test/581.png,1.9252859e-05,0.9999792,1.5832838e-06
TEST_582,../../data/test/582.png,5.85533e-06,0.99999386,2.6216694e-07
TEST_583,../../data/test/583.png,0.9218094,0.07778436,0.00040623418
TEST_584,../../data/test/584.png,1.4242886e-06,0.99999285,5.713519e-06
TEST_585,../../data/test/585.png,0.035372533,0.9643386,0.00028888255
TEST_586,../../data/test/586.png,2.224503e-05,0.99997234,5.392137e-06
TEST_587,../../data/test/587.png,2.9122039e-06,0.9999719,2.518214e-05
TEST_588,../../data/test/588.png,5.184377e-05,0.8432396,0.15670852
TEST_589,../../data/test/589.png,4.565618e-06,0.99998903,6.3448074e-06
TEST_590,../../data/test/590.png,0.99976367,0.00021224357,2.4075089e-05
TEST_591,../../data/test/591.png,1.1690198e-06,0.9999986,1.8899534e-07
TEST_592,../../data/test/592.png,0.33690393,0.6630768,1.9216952e-05
TEST_593,../../data/test/593.png,0.0028782885,0.9962382,0.00088362076
TEST_594,../../data/test/594.png,8.233239e-07,0.9999967,2.4578778e-06
TEST_595,../../data/test/595.png,1.6716966e-05,0.9999824,8.3927176e-07
TEST_596,../../data/test/596.png,0.99985915,0.00013048455,1.0374195e-05
TEST_597,../../data/test/597.png,0.0037191368,0.99626446,1.6365788e-05
TEST_598,../../data/test/598.png,5.4838188e-06,0.99999356,9.701154e-07
TEST_599,../../data/test/599.png,0.0008645739,0.9991074,2.7963193e-05
TEST_600,../../data/test/600.png,1.8101154e-07,0.9999997,9.190882e-08
TEST_601,../../data/test/601.png,2.4236508e-06,0.99999684,6.883028e-07
TEST_602,../../data/test/602.png,6.7887726e-07,0.99999887,4.526315e-07
TEST_603,../../data/test/603.png,0.00018721445,0.9997685,4.4313038e-05
TEST_604,../../data/test/604.png,0.9999623,2.1617903e-05,1.6137432e-05
TEST_605,../../data/test/605.png,0.4460868,0.5537465,0.00016668289
TEST_606,../../data/test/606.png,4.465301e-06,0.9999954,1.5006732e-07
TEST_607,../../data/test/607.png,0.014079172,0.98590666,1.4125503e-05
TEST_608,../../data/test/608.png,6.0340008e-06,0.99999267,1.2182724e-06
TEST_609,../../data/test/609.png,0.00065492094,0.18769807,0.81164694
TEST_610,../../data/test/610.png,3.1694856e-07,0.99999744,2.2314182e-06
TEST_611,../../data/test/611.png,1.2760346e-05,0.9999788,8.471976e-06
TEST_612,../../data/test/612.png,0.00061779964,0.8379043,0.16147788
TEST_613,../../data/test/613.png,1.6253385e-07,0.99999976,7.02701e-08
TEST_614,../../data/test/614.png,2.5389522e-06,0.00019769707,0.9997997
TEST_615,../../data/test/615.png,0.00028363251,0.99965113,6.522306e-05
TEST_616,../../data/test/616.png,3.4811362e-06,0.00036083243,0.9996357
TEST_617,../../data/test/617.png,2.514953e-06,0.99999523,2.2779473e-06
TEST_618,../../data/test/618.png,2.726569e-05,0.9999666,6.0737125e-06
TEST_619,../../data/test/619.png,0.00011635494,0.9997797,0.00010394074
TEST_620,../../data/test/620.png,1.5847689e-05,0.99996847,1.5674783e-05
TEST_621,../../data/test/621.png,7.5371713e-07,0.9999912,8.059941e-06
TEST_622,../../data/test/622.png,0.00013001375,0.9998679,2.1124772e-06
TEST_623,../../data/test/623.png,1.193939e-06,0.99999833,4.7652452e-07
TEST_624,../../data/test/624.png,0.0108285,0.9891398,3.169877e-05
TEST_625,../../data/test/625.png,0.00010627491,0.9998848,8.97292e-06
TEST_626,../../data/test/626.png,6.0767354e-05,0.99984694,9.2362105e-05
TEST_627,../../data/test/627.png,0.014085323,0.985534,0.0003806802
TEST_628,../../data/test/628.png,6.42973e-07,0.9999992,1.512349e-07
TEST_629,../../data/test/629.png,4.60118e-06,0.9999868,8.617375e-06
TEST_630,../../data/test/630.png,0.00036151925,0.9996202,1.827955e-05
TEST_631,../../data/test/631.png,0.99999285,3.3895337e-06,3.8490452e-06
TEST_632,../../data/test/632.png,0.00023797603,0.999757,5.0095828e-06
TEST_633,../../data/test/633.png,0.9933133,0.006664055,2.2641065e-05
TEST_634,../../data/test/634.png,3.477007e-07,0.99999946,2.0069426e-07
TEST_635,../../data/test/635.png,6.60381e-07,0.9999991,2.3175346e-07
TEST_636,../../data/test/636.png,7.900667e-07,0.99999887,3.7242395e-07
TEST_637,../../data/test/637.png,6.7403926e-05,0.99993104,1.6185977e-06
TEST_638,../../data/test/638.png,0.0023362907,0.99758977,7.3914955e-05
TEST_639,../../data/test/639.png,0.00033814917,0.9995544,0.00010743982
TEST_640,../../data/test/640.png,0.00013214478,0.999866,1.8092505e-06
TEST_641,../../data/test/641.png,0.34395054,0.6559916,5.7881403e-05
TEST_642,../../data/test/642.png,1.08328955e-07,0.99999976,9.877615e-08
TEST_643,../../data/test/643.png,0.030748533,0.96886796,0.0003835554
TEST_644,../../data/test/644.png,7.704834e-06,0.99999076,1.4932181e-06
TEST_645,../../data/test/645.png,0.5427613,0.45684052,0.00039815877
TEST_646,../../data/test/646.png,3.985705e-07,0.9999995,1.07105826e-07
TEST_647,../../data/test/647.png,0.0002543883,0.99973863,6.9843777e-06
TEST_648,../../data/test/648.png,0.00011332299,0.99988127,5.35983e-06
TEST_649,../../data/test/649.png,1.2241512e-05,0.9999744,1.3354495e-05
TEST_650,../../data/test/650.png,0.0014281553,0.9985239,4.7964306e-05
TEST_651,../../data/test/651.png,2.3610909e-07,0.9999995,2.2451677e-07
TEST_652,../../data/test/652.png,0.0012437556,0.99615747,0.0025987248
TEST_653,../../data/test/653.png,3.1363707e-06,0.99999446,2.427191e-06
TEST_654,../../data/test/654.png,0.00093899807,0.9782863,0.020774677
TEST_655,../../data/test/655.png,0.15520729,0.8212292,0.023563527
TEST_656,../../data/test/656.png,0.9928617,0.0071125305,2.5762181e-05
TEST_657,../../data/test/657.png,3.7721202e-07,0.9999995,7.163137e-08
TEST_658,../../data/test/658.png,0.00017225137,0.6020337,0.397794
TEST_659,../../data/test/659.png,0.0002215063,0.6762112,0.32356724
TEST_660,../../data/test/660.png,0.005080747,0.99485177,6.755656e-05
TEST_661,../../data/test/661.png,1.0485134e-06,0.99999857,4.0331187e-07
TEST_662,../../data/test/662.png,8.679489e-05,0.99991065,2.5441025e-06
TEST_663,../../data/test/663.png,4.82003e-07,0.99999887,6.193001e-07
TEST_664,../../data/test/664.png,0.057049926,0.94279677,0.00015326185
TEST_665,../../data/test/665.png,0.78791785,0.21190871,0.00017348268
TEST_666,../../data/test/666.png,0.99998313,1.4797676e-05,2.0107148e-06
TEST_667,../../data/test/667.png,2.0508212e-06,0.99998903,8.958166e-06
TEST_668,../../data/test/668.png,2.6520377e-06,0.9999864,1.0904439e-05
TEST_669,../../data/test/669.png,2.1709972e-07,0.9999995,2.6613074e-07
TEST_670,../../data/test/670.png,0.0004963006,0.9994851,1.8588446e-05
TEST_671,../../data/test/671.png,0.00035486012,0.999626,1.9098441e-05
TEST_672,../../data/test/672.png,2.003464e-07,0.99999976,7.37201e-08
TEST_673,../../data/test/673.png,2.9668867e-05,0.9999699,4.479059e-07
TEST_674,../../data/test/674.png,0.06923245,0.93071985,4.7636215e-05
TEST_675,../../data/test/675.png,8.7036215e-06,0.99997425,1.702598e-05
TEST_676,../../data/test/676.png,0.047330815,0.4432925,0.5093767
TEST_677,../../data/test/677.png,0.00025153768,0.99967223,7.6236836e-05
TEST_678,../../data/test/678.png,0.002384682,0.9975198,9.552689e-05
TEST_679,../../data/test/679.png,7.661161e-07,0.9999984,7.538351e-07
TEST_680,../../data/test/680.png,8.5714476e-08,0.9999997,2.1031566e-07
TEST_681,../../data/test/681.png,9.1837666e-07,0.99998546,1.3626042e-05
TEST_682,../../data/test/682.png,3.7961488e-06,0.9999947,1.5197419e-06
TEST_683,../../data/test/683.png,0.9998147,0.00017716881,8.217863e-06
TEST_684,../../data/test/684.png,6.466653e-07,0.99999905,3.049723e-07
TEST_685,../../data/test/685.png,0.42223963,0.56144243,0.016317926
TEST_686,../../data/test/686.png,1.7580613e-05,0.99997735,5.0471936e-06
TEST_687,../../data/test/687.png,2.4665356e-05,0.9999652,1.0117583e-05
TEST_688,../../data/test/688.png,4.2223226e-05,0.98335284,0.016604898
TEST_689,../../data/test/689.png,3.0671674e-07,0.9999995,1.6216013e-07
TEST_690,../../data/test/690.png,0.035137963,0.91868496,0.046177078
TEST_691,../../data/test/691.png,0.9999776,2.0643847e-05,1.6573454e-06
TEST_692,../../data/test/692.png,6.0346647e-06,0.999993,1.025557e-06
TEST_693,../../data/test/693.png,6.6648016e-07,0.999996,3.332528e-06
TEST_694,../../data/test/694.png,7.7406075e-05,0.99991924,3.3753304e-06
TEST_695,../../data/test/695.png,5.4240058e-08,0.9999995,3.9680336e-07
TEST_696,../../data/test/696.png,4.7302515e-06,0.9999924,2.9197581e-06
TEST_697,../../data/test/697.png,5.717969e-07,0.9999992,2.5913235e-07
TEST_698,../../data/test/698.png,0.99994737,4.0666604e-05,1.1947116e-05
TEST_699,../../data/test/699.png,0.6690338,0.3309433,2.2910363e-05
TEST_700,../../data/test/700.png,3.0535446e-07,0.9999995,1.1334479e-07
TEST_701,../../data/test/701.png,5.1893338e-05,0.9910535,0.008894649
TEST_702,../../data/test/702.png,1.8602994e-05,0.9999709,1.047601e-05
TEST_703,../../data/test/703.png,0.44338062,0.55652076,9.858274e-05
TEST_704,../../data/test/704.png,0.99778503,0.0021868849,2.815109e-05
TEST_705,../../data/test/705.png,2.8131188e-07,0.9999997,6.604282e-08
TEST_706,../../data/test/706.png,1.8325401e-06,0.99998313,1.50104825e-05
TEST_707,../../data/test/707.png,0.011586864,0.4164063,0.5720068
TEST_708,../../data/test/708.png,0.011980948,0.9879734,4.5667693e-05
TEST_709,../../data/test/709.png,0.01674559,0.9831026,0.00015182578
TEST_710,../../data/test/710.png,3.2249514e-07,0.9999997,5.315941e-08
TEST_711,../../data/test/711.png,4.192584e-07,0.9999995,1.2202949e-07
TEST_712,../../data/test/712.png,2.8144786e-06,0.99999684,4.068678e-07
TEST_713,../../data/test/713.png,1.9856161e-07,0.9999995,2.5283632e-07
TEST_714,../../data/test/714.png,3.5110074e-07,0.9999992,4.194118e-07
TEST_715,../../data/test/715.png,5.803573e-06,0.9999938,4.3458476e-07
TEST_716,../../data/test/716.png,3.6131062e-06,0.999996,3.1727777e-07
TEST_717,../../data/test/717.png,0.5323698,0.46700013,0.0006301098
TEST_718,../../data/test/718.png,5.9513586e-06,0.0007406952,0.9992533
TEST_719,../../data/test/719.png,0.04325136,0.9565185,0.00023007077
TEST_720,../../data/test/720.png,0.99434376,0.005603729,5.2552514e-05
TEST_721,../../data/test/721.png,0.00028102877,0.9985581,0.0011608094
TEST_722,../../data/test/722.png,0.008769482,0.9910415,0.00018894878
TEST_723,../../data/test/723.png,3.4568066e-07,0.9999995,9.9594956e-08
TEST_724,../../data/test/724.png,3.655044e-07,0.9999992,4.4934043e-07
TEST_725,../../data/test/725.png,5.0419865e-05,0.3420714,0.65787816
TEST_726,../../data/test/726.png,0.3439103,0.6560498,3.987114e-05
TEST_727,../../data/test/727.png,3.3378038e-07,0.99999934,3.600907e-07
TEST_728,../../data/test/728.png,7.79214e-06,0.9999914,7.923348e-07
TEST_729,../../data/test/729.png,7.348101e-07,0.9999991,1.5856031e-07
TEST_730,../../data/test/730.png,4.2445714e-05,0.9999234,3.425063e-05
TEST_731,../../data/test/731.png,0.6499637,0.3494114,0.00062492373
TEST_732,../../data/test/732.png,0.34895825,0.65090346,0.00013830264
TEST_733,../../data/test/733.png,1.9685601e-06,0.99999744,5.157024e-07
TEST_734,../../data/test/734.png,0.5606032,0.43641087,0.0029859056
TEST_735,../../data/test/735.png,0.007311472,0.9926446,4.383633e-05
TEST_736,../../data/test/736.png,4.2912174e-07,0.99999946,9.408755e-08
TEST_737,../../data/test/737.png,0.99977654,0.00020671311,1.6769041e-05
TEST_738,../../data/test/738.png,1.6517313e-05,0.99998325,2.9732666e-07
TEST_739,../../data/test/739.png,0.0003324674,0.9996535,1.4009495e-05
TEST_740,../../data/test/740.png,5.577032e-05,0.9999433,8.863171e-07
TEST_741,../../data/test/741.png,1.55888e-05,0.99991703,6.74197e-05
TEST_742,../../data/test/742.png,1.7549833e-06,0.99999744,7.677534e-07
TEST_743,../../data/test/743.png,0.8251663,0.17465238,0.00018131646
TEST_744,../../data/test/744.png,0.29690933,0.7030471,4.3510012e-05
TEST_745,../../data/test/745.png,3.5203968e-07,0.99999946,2.1498577e-07
TEST_746,../../data/test/746.png,0.17770205,0.8220251,0.00027278208
TEST_747,../../data/test/747.png,7.29595e-07,0.99998564,1.3644259e-05
TEST_748,../../data/test/748.png,6.7067536e-05,0.99992794,5.009759e-06
TEST_749,../../data/test/749.png,0.005174698,0.99449307,0.00033221944
TEST_750,../../data/test/750.png,0.6117833,0.38798106,0.00023562137
TEST_751,../../data/test/751.png,2.698114e-06,0.99999636,9.083188e-07
TEST_752,../../data/test/752.png,0.00017129398,0.99927336,0.00055530324
TEST_753,../../data/test/753.png,7.600859e-07,0.99999887,3.636549e-07
TEST_754,../../data/test/754.png,3.1306517e-06,0.9999962,7.4169276e-07
TEST_755,../../data/test/755.png,0.007816159,0.9921102,7.3663134e-05
TEST_756,../../data/test/756.png,0.65317065,0.34665546,0.0001738959
TEST_757,../../data/test/757.png,1.0964459e-07,0.99999934,4.9176236e-07
TEST_758,../../data/test/758.png,3.358492e-06,0.99999636,3.351604e-07
TEST_759,../../data/test/759.png,7.5116644e-05,0.763521,0.23640384
TEST_760,../../data/test/760.png,2.7863161e-05,0.9999712,8.9012497e-07
TEST_761,../../data/test/761.png,1.0361706e-06,0.99999744,1.5653249e-06
TEST_762,../../data/test/762.png,0.3311619,0.65321785,0.015620268
TEST_763,../../data/test/763.png,0.0012623306,0.9987286,9.066237e-06
TEST_764,../../data/test/764.png,2.3272638e-05,0.99997425,2.517071e-06
TEST_765,../../data/test/765.png,0.6621728,0.33679822,0.0010289861
TEST_766,../../data/test/766.png,0.99997455,2.1372352e-05,4.069952e-06
TEST_767,../../data/test/767.png,0.0009742463,0.16961926,0.8294065
TEST_768,../../data/test/768.png,0.00019918602,0.9997937,7.104774e-06
TEST_769,../../data/test/769.png,0.27222833,0.727688,8.363209e-05
TEST_770,../../data/test/770.png,0.048265878,0.91219515,0.03953899
TEST_771,../../data/test/771.png,4.4578553e-07,0.9999995,8.742651e-08
TEST_772,../../data/test/772.png,0.0002504328,0.990462,0.009287641
TEST_773,../../data/test/773.png,3.649691e-06,0.99999523,1.107636e-06
TEST_774,../../data/test/774.png,0.19046186,0.809495,4.314251e-05
TEST_775,../../data/test/775.png,7.2715416e-06,0.99999076,1.9253682e-06
TEST_776,../../data/test/776.png,7.8780864e-08,0.9999998,5.230679e-08
TEST_777,../../data/test/777.png,1.7533775e-05,0.9963417,0.003640781
TEST_778,../../data/test/778.png,8.4449994e-08,0.9999998,7.577324e-08
TEST_779,../../data/test/779.png,3.6269003e-07,0.9999995,1.3594284e-07
TEST_780,../../data/test/780.png,0.0028457101,0.9971504,3.866186e-06
TEST_781,../../data/test/781.png,1.8933513e-07,0.99999976,7.164205e-08
TEST_782,../../data/test/782.png,5.7278103e-05,0.973581,0.026361683
TEST_783,../../data/test/783.png,0.64523983,0.35443267,0.00032747883
TEST_784,../../data/test/784.png,0.000428995,0.99954635,2.4593983e-05
TEST_785,../../data/test/785.png,5.50347e-07,0.99999887,5.7173605e-07
TEST_786,../../data/test/786.png,0.0032757635,0.99666554,5.8693244e-05
TEST_787,../../data/test/787.png,0.04627703,0.9536906,3.2326257e-05
TEST_788,../../data/test/788.png,0.0029784522,0.9970002,2.1284612e-05
TEST_789,../../data/test/789.png,1.3922552e-07,0.99999976,9.0088975e-08
TEST_790,../../data/test/790.png,6.957426e-05,0.99992555,4.859134e-06
TEST_791,../../data/test/791.png,0.99747705,0.0025061753,1.670552e-05
